Jan 16 2025 19:11:48.821012000 -03,172.21.144.1,,172.21.159.255,,,,,,,
Jan 16 2025 19:12:53.004045000 -03,140.82.112.22,443,172.21.147.173,44492,ACK/PSH/,1,1,84,0101080aa937a3b38281cfa5,39
Jan 16 2025 19:12:53.004045000 -03,140.82.112.22,443,172.21.147.173,44492,ACK/PSH/,40,1,84,0101080aa937a3b38281cfa5,24
Jan 16 2025 19:12:53.004045000 -03,140.82.112.22,443,172.21.147.173,44492,ACK/FIN/,64,1,84,0101080aa937a3b38281cfa5,0
Jan 16 2025 19:12:53.004058000 -03,172.21.147.173,44492,140.82.112.22,443,ACK/,1,40,503,0101080a8283a43ba937a3b3,0
Jan 16 2025 19:12:53.004092000 -03,172.21.147.173,44492,140.82.112.22,443,ACK/,1,64,503,0101080a8283a43ba937a3b3,0
Jan 16 2025 19:12:53.004539000 -03,172.21.147.173,44492,140.82.112.22,443,ACK/PSH/,1,65,503,0101080a8283a43ca937a3b3,56
Jan 16 2025 19:12:53.004740000 -03,172.21.147.173,44492,140.82.112.22,443,ACK/FIN/,57,65,503,0101080a8283a43ca937a3b3,0
Jan 16 2025 19:12:53.083743000 -03,140.82.112.22,443,172.21.147.173,44492,RST/,65,0,0,,0
Jan 16 2025 19:12:53.083745000 -03,140.82.112.22,443,172.21.147.173,44492,RST/,65,0,0,,0
Jan 16 2025 19:12:57.582660000 -03,,,,,,,,,,
Jan 16 2025 19:12:57.582667000 -03,,,,,,,,,,
Jan 16 2025 19:12:58.055571000 -03,,,,,,,,,,
Jan 16 2025 19:12:58.055881000 -03,,,,,,,,,,
Jan 16 2025 19:13:56.855864000 -03,,,,,,,,,,
Jan 16 2025 19:15:46.875730000 -03,172.21.144.1,,172.21.159.255,,,,,,,
Jan 16 2025 19:16:21.112763000 -03,172.21.144.1,,224.0.0.251,,,,,,,
Jan 16 2025 19:16:21.114460000 -03,,,,,,,,,,
Jan 16 2025 19:16:21.116118000 -03,172.21.144.1,,224.0.0.251,,,,,,,
Jan 16 2025 19:16:21.117003000 -03,,,,,,,,,,
Jan 16 2025 19:16:21.117297000 -03,,,,,,,,,,
Jan 16 2025 19:16:21.118500000 -03,,,,,,,,,,
Jan 16 2025 19:16:21.119016000 -03,172.21.144.1,,224.0.0.251,,,,,,,
Jan 16 2025 19:16:21.119765000 -03,172.21.144.1,,224.0.0.251,,,,,,,
Jan 16 2025 19:16:21.120508000 -03,,,,,,,,,,
Jan 16 2025 19:16:21.121934000 -03,172.21.144.1,,224.0.0.251,,,,,,,
Jan 16 2025 19:16:21.122617000 -03,,,,,,,,,,
Jan 16 2025 19:16:21.122904000 -03,,,,,,,,,,
Jan 16 2025 19:16:21.123836000 -03,,,,,,,,,,
Jan 16 2025 19:16:21.124057000 -03,172.21.144.1,,224.0.0.251,,,,,,,
Jan 16 2025 19:16:21.124551000 -03,172.21.144.1,,224.0.0.251,,,,,,,
Jan 16 2025 19:16:21.125023000 -03,172.21.144.1,,224.0.0.251,,,,,,,
Jan 16 2025 19:18:28.215612000 -03,,,,,,,,,,
Jan 16 2025 19:20:01.086133000 -03,172.21.144.1,,224.0.0.251,,,,,,,
Jan 16 2025 19:20:01.087552000 -03,,,,,,,,,,
Jan 16 2025 19:20:01.089016000 -03,172.21.144.1,,224.0.0.251,,,,,,,
Jan 16 2025 19:20:01.089887000 -03,,,,,,,,,,
Jan 16 2025 19:20:01.090426000 -03,,,,,,,,,,
Jan 16 2025 19:20:01.091350000 -03,,,,,,,,,,
Jan 16 2025 19:20:01.091822000 -03,172.21.144.1,,224.0.0.251,,,,,,,
Jan 16 2025 19:20:01.092396000 -03,172.21.144.1,,224.0.0.251,,,,,,,
Jan 16 2025 19:20:01.139969000 -03,172.21.144.1,,224.0.0.251,,,,,,,
Jan 16 2025 19:20:01.140730000 -03,,,,,,,,,,
Jan 16 2025 19:20:01.142366000 -03,172.21.144.1,,224.0.0.251,,,,,,,
Jan 16 2025 19:20:01.143326000 -03,,,,,,,,,,
Jan 16 2025 19:20:01.143751000 -03,,,,,,,,,,
Jan 16 2025 19:20:01.144901000 -03,,,,,,,,,,
Jan 16 2025 19:20:01.145549000 -03,172.21.144.1,,224.0.0.251,,,,,,,
Jan 16 2025 19:20:01.146257000 -03,172.21.144.1,,224.0.0.251,,,,,,,
Jan 16 2025 19:20:20.595513000 -03,172.21.144.1,,224.0.0.251,,,,,,,
Jan 16 2025 19:20:20.596437000 -03,,,,,,,,,,
Jan 16 2025 19:20:20.598101000 -03,172.21.144.1,,224.0.0.251,,,,,,,
Jan 16 2025 19:20:20.598941000 -03,,,,,,,,,,
Jan 16 2025 19:20:20.599613000 -03,,,,,,,,,,
Jan 16 2025 19:20:20.600672000 -03,,,,,,,,,,
Jan 16 2025 19:20:20.601170000 -03,172.21.144.1,,224.0.0.251,,,,,,,
Jan 16 2025 19:20:20.601681000 -03,172.21.144.1,,224.0.0.251,,,,,,,
Jan 16 2025 19:20:20.810150000 -03,172.21.144.1,,224.0.0.251,,,,,,,
Jan 16 2025 19:20:20.811305000 -03,,,,,,,,,,
Jan 16 2025 19:20:20.813411000 -03,172.21.144.1,,224.0.0.251,,,,,,,
Jan 16 2025 19:20:20.814520000 -03,,,,,,,,,,
Jan 16 2025 19:20:20.814966000 -03,,,,,,,,,,
Jan 16 2025 19:20:20.816355000 -03,,,,,,,,,,
Jan 16 2025 19:20:20.816920000 -03,172.21.144.1,,224.0.0.251,,,,,,,
Jan 16 2025 19:20:20.817729000 -03,172.21.144.1,,224.0.0.251,,,,,,,
Jan 16 2025 19:21:56.601239000 -03,172.21.144.1,,224.0.0.251,,,,,,,
Jan 16 2025 19:21:56.602489000 -03,,,,,,,,,,
Jan 16 2025 19:21:56.604002000 -03,172.21.144.1,,224.0.0.251,,,,,,,
Jan 16 2025 19:21:56.604732000 -03,,,,,,,,,,
Jan 16 2025 19:21:56.605097000 -03,,,,,,,,,,
Jan 16 2025 19:21:56.606104000 -03,,,,,,,,,,
Jan 16 2025 19:21:56.606528000 -03,172.21.144.1,,224.0.0.251,,,,,,,
Jan 16 2025 19:21:56.607041000 -03,172.21.144.1,,224.0.0.251,,,,,,,
Jan 16 2025 19:21:56.850010000 -03,172.21.144.1,,224.0.0.251,,,,,,,
Jan 16 2025 19:21:56.850625000 -03,,,,,,,,,,
Jan 16 2025 19:21:56.851868000 -03,172.21.144.1,,224.0.0.251,,,,,,,
Jan 16 2025 19:21:56.852505000 -03,,,,,,,,,,
Jan 16 2025 19:21:56.852798000 -03,,,,,,,,,,
Jan 16 2025 19:21:56.853816000 -03,,,,,,,,,,
Jan 16 2025 19:21:56.854280000 -03,172.21.144.1,,224.0.0.251,,,,,,,
Jan 16 2025 19:21:56.854704000 -03,172.21.144.1,,224.0.0.251,,,,,,,
Jan 16 2025 19:24:26.594265000 -03,172.21.144.1,,224.0.0.251,,,,,,,
Jan 16 2025 19:24:26.596523000 -03,,,,,,,,,,
Jan 16 2025 19:24:26.598595000 -03,172.21.144.1,,224.0.0.251,,,,,,,
Jan 16 2025 19:24:26.599617000 -03,,,,,,,,,,
Jan 16 2025 19:24:26.600029000 -03,,,,,,,,,,
Jan 16 2025 19:24:26.601321000 -03,,,,,,,,,,
Jan 16 2025 19:24:26.601905000 -03,172.21.144.1,,224.0.0.251,,,,,,,
Jan 16 2025 19:24:26.602656000 -03,172.21.144.1,,224.0.0.251,,,,,,,
Jan 16 2025 19:24:26.744647000 -03,172.21.144.1,,224.0.0.251,,,,,,,
Jan 16 2025 19:24:26.745848000 -03,,,,,,,,,,
Jan 16 2025 19:24:26.747681000 -03,172.21.144.1,,224.0.0.251,,,,,,,
Jan 16 2025 19:24:26.748595000 -03,,,,,,,,,,
Jan 16 2025 19:24:26.749231000 -03,,,,,,,,,,
Jan 16 2025 19:24:26.750377000 -03,,,,,,,,,,
Jan 16 2025 19:24:26.751010000 -03,172.21.144.1,,224.0.0.251,,,,,,,
Jan 16 2025 19:24:26.751623000 -03,172.21.144.1,,224.0.0.251,,,,,,,
Jan 16 2025 19:25:17.593441000 -03,172.21.144.1,,224.0.0.251,,,,,,,
Jan 16 2025 19:25:17.594253000 -03,,,,,,,,,,
Jan 16 2025 19:25:17.595478000 -03,172.21.144.1,,224.0.0.251,,,,,,,
Jan 16 2025 19:25:17.596143000 -03,,,,,,,,,,
Jan 16 2025 19:25:17.596426000 -03,,,,,,,,,,
Jan 16 2025 19:25:17.597379000 -03,,,,,,,,,,
Jan 16 2025 19:25:17.597769000 -03,172.21.144.1,,224.0.0.251,,,,,,,
Jan 16 2025 19:25:17.598313000 -03,172.21.144.1,,224.0.0.251,,,,,,,
Jan 16 2025 19:25:17.758085000 -03,172.21.144.1,,224.0.0.251,,,,,,,
Jan 16 2025 19:25:17.758779000 -03,,,,,,,,,,
Jan 16 2025 19:25:17.760088000 -03,172.21.144.1,,224.0.0.251,,,,,,,
Jan 16 2025 19:25:17.760824000 -03,,,,,,,,,,
Jan 16 2025 19:25:17.761059000 -03,,,,,,,,,,
Jan 16 2025 19:25:17.762015000 -03,,,,,,,,,,
Jan 16 2025 19:25:17.762451000 -03,172.21.144.1,,224.0.0.251,,,,,,,
Jan 16 2025 19:25:17.762934000 -03,172.21.144.1,,224.0.0.251,,,,,,,
Jan 16 2025 19:25:34.185916000 -03,172.21.147.173,34232,169.254.169.254,80,SYN/,0,0,64480,020404d80402080a253247a60000000001030307,0
Jan 16 2025 19:25:35.255556000 -03,172.21.147.173,34232,169.254.169.254,80,SYN/,0,0,64480,020404d80402080a25324bd40000000001030307,0
Jan 16 2025 19:25:36.759464000 -03,172.21.147.173,46518,20.189.172.32,443,SYN/,0,0,64480,020404d80402080a8323ca0e0000000001030307,0
Jan 16 2025 19:25:36.960856000 -03,20.189.172.32,443,172.21.147.173,46518,ACK/SYN/,0,1,65535,020405a0010303080402080a6dc80ead8323ca0e,0
Jan 16 2025 19:25:36.960919000 -03,172.21.147.173,46518,20.189.172.32,443,ACK/,1,1,504,0101080a8323cad76dc80ead,0
Jan 16 2025 19:25:36.962664000 -03,172.21.147.173,46518,20.189.172.32,443,ACK/PSH/,1,1,504,0101080a8323cad96dc80ead,494
Jan 16 2025 19:25:37.165285000 -03,20.189.172.32,443,172.21.147.173,46518,ACK/PSH/,1,495,16384,0101080a6dc80f788323cad9,99
Jan 16 2025 19:25:37.165339000 -03,172.21.147.173,46518,20.189.172.32,443,ACK/,495,100,504,0101080a8323cba46dc80f78,0
Jan 16 2025 19:25:37.170828000 -03,172.21.147.173,46518,20.189.172.32,443,ACK/PSH/,495,100,504,0101080a8323cba96dc80f78,565
Jan 16 2025 19:25:37.373178000 -03,20.189.172.32,443,172.21.147.173,46518,ACK/,100,1060,16381,0101080a6dc810488323cba9,3684
Jan 16 2025 19:25:37.373178000 -03,20.189.172.32,443,172.21.147.173,46518,ACK/PSH/,3784,1060,16381,0101080a6dc810488323cba9,725
Jan 16 2025 19:25:37.373229000 -03,172.21.147.173,46518,20.189.172.32,443,ACK/,1060,4509,503,0101080a8323cc746dc81048,0
Jan 16 2025 19:25:37.377374000 -03,172.21.147.173,46518,20.189.172.32,443,ACK/PSH/,1060,4509,503,0101080a8323cc786dc81048,813
Jan 16 2025 19:25:37.579390000 -03,20.189.172.32,443,172.21.147.173,46518,ACK/PSH/,4509,1873,16386,0101080a6dc811178323cc78,103
Jan 16 2025 19:25:37.579391000 -03,20.189.172.32,443,172.21.147.173,46518,ACK/PSH/,4612,1873,16386,0101080a6dc811178323cc78,349
Jan 16 2025 19:25:37.579392000 -03,20.189.172.32,443,172.21.147.173,46518,ACK/PSH/FIN/,4961,1873,16386,0101080a6dc811188323cc78,27
Jan 16 2025 19:25:37.579576000 -03,172.21.147.173,46518,20.189.172.32,443,ACK/,1873,4989,503,0101080a8323cd426dc81117,0
Jan 16 2025 19:25:37.583360000 -03,172.21.147.173,46518,20.189.172.32,443,ACK/PSH/,1873,4989,503,0101080a8323cd466dc81117,24
Jan 16 2025 19:25:37.583668000 -03,172.21.147.173,46518,20.189.172.32,443,ACK/FIN/,1897,4989,503,0101080a8323cd466dc81117,0
Jan 16 2025 19:25:37.784479000 -03,20.189.172.32,443,172.21.147.173,46518,ACK/,4989,1898,16386,0101080a6dc811e58323cd46,0
Jan 16 2025 19:25:38.923811000 -03,172.21.147.173,34246,169.254.169.254,80,SYN/,0,0,64480,020404d80402080a25325a280000000001030307,0
Jan 16 2025 19:25:38.937163000 -03,172.21.147.173,34254,169.254.169.254,80,SYN/,0,0,64480,020404d80402080a25325a360000000001030307,0
Jan 16 2025 19:25:39.975474000 -03,172.21.147.173,34254,169.254.169.254,80,SYN/,0,0,64480,020404d80402080a25325e440000000001030307,0
Jan 16 2025 19:25:39.975483000 -03,172.21.147.173,34246,169.254.169.254,80,SYN/,0,0,64480,020404d80402080a25325e440000000001030307,0
Jan 16 2025 19:25:41.526921000 -03,172.21.147.173,49896,20.189.172.32,443,SYN/,0,0,64480,020404d80402080a8323dcad0000000001030307,0
Jan 16 2025 19:25:41.528953000 -03,172.21.147.173,49906,20.189.172.32,443,SYN/,0,0,64480,020404d80402080a8323dcaf0000000001030307,0
Jan 16 2025 19:25:41.582908000 -03,,,,,,,,,,
Jan 16 2025 19:25:41.582933000 -03,,,,,,,,,,
Jan 16 2025 19:25:41.734759000 -03,20.189.172.32,443,172.21.147.173,49906,ACK/SYN/,0,1,65535,020405a0010303080402080a07c9a5a18323dcaf,0
Jan 16 2025 19:25:41.734946000 -03,172.21.147.173,49906,20.189.172.32,443,ACK/,1,1,504,0101080a8323dd7d07c9a5a1,0
Jan 16 2025 19:25:41.736910000 -03,172.21.147.173,49906,20.189.172.32,443,ACK/PSH/,1,1,504,0101080a8323dd7f07c9a5a1,494
Jan 16 2025 19:25:41.738494000 -03,20.189.172.32,443,172.21.147.173,49896,ACK/SYN/,0,1,65535,020405a0010303080402080a07d25ba18323dcad,0
Jan 16 2025 19:25:41.738641000 -03,172.21.147.173,49896,20.189.172.32,443,ACK/,1,1,504,0101080a8323dd8107d25ba1,0
Jan 16 2025 19:25:41.740006000 -03,172.21.147.173,49896,20.189.172.32,443,ACK/PSH/,1,1,504,0101080a8323dd8207d25ba1,494
Jan 16 2025 19:25:41.943728000 -03,20.189.172.32,443,172.21.147.173,49906,ACK/PSH/,1,495,16384,0101080a07c9a6708323dd7f,99
Jan 16 2025 19:25:41.943901000 -03,172.21.147.173,49906,20.189.172.32,443,ACK/,495,100,504,0101080a8323de4e07c9a670,0
Jan 16 2025 19:25:41.945665000 -03,20.189.172.32,443,172.21.147.173,49896,ACK/PSH/,1,495,16384,0101080a07d25c768323dd82,99
Jan 16 2025 19:25:41.945696000 -03,172.21.147.173,49896,20.189.172.32,443,ACK/,495,100,504,0101080a8323de5007d25c76,0
Jan 16 2025 19:25:41.949749000 -03,172.21.147.173,49906,20.189.172.32,443,ACK/PSH/,495,100,504,0101080a8323de5407c9a670,565
Jan 16 2025 19:25:41.950902000 -03,172.21.147.173,49896,20.189.172.32,443,ACK/PSH/,495,100,504,0101080a8323de5507d25c76,565
Jan 16 2025 19:25:42.158329000 -03,20.189.172.32,443,172.21.147.173,49896,ACK/,100,1060,16381,0101080a07d25d4b8323de55,3684
Jan 16 2025 19:25:42.158331000 -03,20.189.172.32,443,172.21.147.173,49896,ACK/PSH/,3784,1060,16381,0101080a07d25d4b8323de55,725
Jan 16 2025 19:25:42.158355000 -03,20.189.172.32,443,172.21.147.173,49906,ACK/,100,1060,16381,0101080a07c9a7488323de54,3684
Jan 16 2025 19:25:42.158356000 -03,20.189.172.32,443,172.21.147.173,49906,ACK/PSH/,3784,1060,16381,0101080a07c9a7488323de54,725
Jan 16 2025 19:25:42.158755000 -03,172.21.147.173,49896,20.189.172.32,443,ACK/,1060,4509,503,0101080a8323df2507d25d4b,0
Jan 16 2025 19:25:42.173139000 -03,172.21.147.173,49896,20.189.172.32,443,ACK/PSH/,1060,4509,503,0101080a8323df3307d25d4b,298
Jan 16 2025 19:25:42.173189000 -03,172.21.147.173,49906,20.189.172.32,443,ACK/,1060,4509,503,0101080a8323df3407c9a748,0
Jan 16 2025 19:25:42.183285000 -03,172.21.147.173,49906,20.189.172.32,443,ACK/PSH/,1060,4509,503,0101080a8323df3e07c9a748,298
Jan 16 2025 19:25:42.380810000 -03,20.189.172.32,443,172.21.147.173,49896,ACK/PSH/,4509,1358,16386,0101080a07d25e298323df33,103
Jan 16 2025 19:25:42.380810000 -03,20.189.172.32,443,172.21.147.173,49896,ACK/PSH/,4612,1358,16386,0101080a07d25e298323df33,349
Jan 16 2025 19:25:42.380810000 -03,20.189.172.32,443,172.21.147.173,49896,ACK/PSH/FIN/,4961,1358,16386,0101080a07d25e2a8323df33,27
Jan 16 2025 19:25:42.380996000 -03,172.21.147.173,49896,20.189.172.32,443,ACK/,1358,4989,503,0101080a8323e00307d25e29,0
Jan 16 2025 19:25:42.381807000 -03,172.21.147.173,49896,20.189.172.32,443,ACK/PSH/,1358,4989,503,0101080a8323e00407d25e29,24
Jan 16 2025 19:25:42.381881000 -03,172.21.147.173,49896,20.189.172.32,443,ACK/FIN/,1382,4989,503,0101080a8323e00407d25e29,0
Jan 16 2025 19:25:42.388328000 -03,20.189.172.32,443,172.21.147.173,49906,ACK/PSH/,4509,1358,16386,0101080a07c9a82f8323df3e,103
Jan 16 2025 19:25:42.388328000 -03,20.189.172.32,443,172.21.147.173,49906,ACK/PSH/,4612,1358,16386,0101080a07c9a82f8323df3e,349
Jan 16 2025 19:25:42.388460000 -03,172.21.147.173,49906,20.189.172.32,443,ACK/,1358,4961,503,0101080a8323e00b07c9a82f,0
Jan 16 2025 19:25:42.389250000 -03,20.189.172.32,443,172.21.147.173,49906,ACK/PSH/FIN/,4961,1358,16386,0101080a07c9a82f8323df3e,27
Jan 16 2025 19:25:42.389590000 -03,172.21.147.173,49906,20.189.172.32,443,ACK/PSH/,1358,4989,503,0101080a8323e00c07c9a82f,24
Jan 16 2025 19:25:42.389665000 -03,172.21.147.173,49906,20.189.172.32,443,ACK/FIN/,1382,4989,503,0101080a8323e00c07c9a82f,0
Jan 16 2025 19:25:42.587751000 -03,20.189.172.32,443,172.21.147.173,49896,ACK/,4989,1383,16386,0101080a07d25ef88323e004,0
Jan 16 2025 19:25:42.594765000 -03,20.189.172.32,443,172.21.147.173,49906,ACK/,4989,1383,16386,0101080a07c9a8fd8323e00c,0
Jan 16 2025 19:25:43.486378000 -03,172.21.147.173,56076,140.82.113.21,443,SYN/,0,0,64480,020404d80402080a6610c96c0000000001030307,0
Jan 16 2025 19:25:43.640661000 -03,140.82.113.21,443,172.21.147.173,56076,ACK/SYN/,0,1,65535,0204059c0402080a6a3068ac6610c96c0103030a,0
Jan 16 2025 19:25:43.640707000 -03,172.21.147.173,56076,140.82.113.21,443,ACK/,1,1,504,0101080a6610ca066a3068ac,0
Jan 16 2025 19:25:43.641206000 -03,172.21.147.173,56076,140.82.113.21,443,ACK/PSH/,1,1,504,0101080a6610ca076a3068ac,405
Jan 16 2025 19:25:43.792887000 -03,140.82.113.21,443,172.21.147.173,56076,ACK/PSH/,1,406,66,0101080a6a3069476610ca07,3684
Jan 16 2025 19:25:43.792888000 -03,140.82.113.21,443,172.21.147.173,56076,ACK/PSH/,3685,406,66,0101080a6a3069476610ca07,412
Jan 16 2025 19:25:43.793081000 -03,172.21.147.173,56076,140.82.113.21,443,ACK/,406,3685,479,0101080a6610ca9e6a306947,0
Jan 16 2025 19:25:43.793101000 -03,172.21.147.173,56076,140.82.113.21,443,ACK/,406,4097,479,0101080a6610ca9e6a306947,0
Jan 16 2025 19:25:43.797965000 -03,140.82.113.21,443,172.21.147.173,56076,ACK/PSH/,4097,406,66,0101080a6a30694b6610ca07,1598
Jan 16 2025 19:25:43.798002000 -03,172.21.147.173,56076,140.82.113.21,443,ACK/,406,5695,500,0101080a6610caa36a30694b,0
Jan 16 2025 19:25:43.809546000 -03,172.21.147.173,56076,140.82.113.21,443,ACK/PSH/,406,5695,503,0101080a6610caaf6a30694b,1020
Jan 16 2025 19:25:43.956176000 -03,140.82.113.21,443,172.21.147.173,56076,ACK/PSH/,5695,1426,68,0101080a6a3069f36610caaf,158
Jan 16 2025 19:25:44.015420000 -03,172.21.147.173,56076,140.82.113.21,443,ACK/,1426,5853,503,0101080a6610cb7d6a3069f3,0
Jan 16 2025 19:25:44.119456000 -03,140.82.113.21,443,172.21.147.173,56076,ACK/,5853,1426,68,0101080a6a306a8d6610caaf,3684
Jan 16 2025 19:25:44.119458000 -03,140.82.113.21,443,172.21.147.173,56076,ACK/,9537,1426,68,0101080a6a306a8d6610caaf,568
Jan 16 2025 19:25:44.119618000 -03,172.21.147.173,56076,140.82.113.21,443,ACK/,1426,9537,479,0101080a6610cbe56a306a8d,0
Jan 16 2025 19:25:44.119637000 -03,172.21.147.173,56076,140.82.113.21,443,ACK/,1426,10105,479,0101080a6610cbe56a306a8d,0
Jan 16 2025 19:25:44.120562000 -03,140.82.113.21,443,172.21.147.173,56076,ACK/,10105,1426,68,0101080a6a306a8e6610caaf,2456
Jan 16 2025 19:25:44.120563000 -03,140.82.113.21,443,172.21.147.173,56076,ACK/PSH/,12561,1426,68,0101080a6a306a8e6610caaf,330
Jan 16 2025 19:25:44.120584000 -03,172.21.147.173,56076,140.82.113.21,443,ACK/,1426,12561,500,0101080a6610cbe66a306a8e,0
Jan 16 2025 19:25:44.120599000 -03,172.21.147.173,56076,140.82.113.21,443,ACK/,1426,12891,498,0101080a6610cbe66a306a8e,0
Jan 16 2025 19:25:48.139644000 -03,172.21.147.173,56076,140.82.113.21,443,ACK/FIN/,1426,12891,503,0101080a6610db996a306a8e,0
Jan 16 2025 19:25:48.289197000 -03,140.82.113.21,443,172.21.147.173,56076,ACK/PSH/,12891,1427,68,0101080a6a307add6610db99,24
Jan 16 2025 19:25:48.289198000 -03,140.82.113.21,443,172.21.147.173,56076,ACK/FIN/,12915,1427,68,0101080a6a307add6610db99,0
Jan 16 2025 19:25:48.289269000 -03,172.21.147.173,56076,140.82.113.21,443,RST/,1427,0,0,,0
Jan 16 2025 19:25:48.289290000 -03,172.21.147.173,56076,140.82.113.21,443,RST/,1427,0,0,,0
Jan 16 2025 19:26:48.829699000 -03,172.21.144.1,,172.21.159.255,,,,,,,
Jan 16 2025 19:27:01.597538000 -03,172.21.144.1,,224.0.0.251,,,,,,,
Jan 16 2025 19:27:01.598978000 -03,,,,,,,,,,
Jan 16 2025 19:27:01.600830000 -03,172.21.144.1,,224.0.0.251,,,,,,,
Jan 16 2025 19:27:01.601773000 -03,,,,,,,,,,
Jan 16 2025 19:27:01.602190000 -03,,,,,,,,,,
Jan 16 2025 19:27:01.603240000 -03,,,,,,,,,,
Jan 16 2025 19:27:01.603678000 -03,172.21.144.1,,224.0.0.251,,,,,,,
Jan 16 2025 19:27:01.604166000 -03,172.21.144.1,,224.0.0.251,,,,,,,
Jan 16 2025 19:27:01.866236000 -03,172.21.144.1,,224.0.0.251,,,,,,,
Jan 16 2025 19:27:01.867106000 -03,,,,,,,,,,
Jan 16 2025 19:27:01.868569000 -03,172.21.144.1,,224.0.0.251,,,,,,,
Jan 16 2025 19:27:01.869388000 -03,,,,,,,,,,
Jan 16 2025 19:27:01.869675000 -03,,,,,,,,,,
Jan 16 2025 19:27:01.870771000 -03,,,,,,,,,,
Jan 16 2025 19:27:01.871231000 -03,172.21.144.1,,224.0.0.251,,,,,,,
Jan 16 2025 19:27:01.871849000 -03,172.21.144.1,,224.0.0.251,,,,,,,
Jan 16 2025 19:27:30.935897000 -03,,,,,,,,,,
Jan 16 2025 19:27:43.977395000 -03,172.21.144.1,,172.21.159.255,,,,,,,
Jan 16 2025 19:29:59.598667000 -03,172.21.144.1,,224.0.0.251,,,,,,,
Jan 16 2025 19:29:59.599892000 -03,,,,,,,,,,
Jan 16 2025 19:29:59.601319000 -03,172.21.144.1,,224.0.0.251,,,,,,,
Jan 16 2025 19:29:59.602000000 -03,,,,,,,,,,
Jan 16 2025 19:29:59.602273000 -03,,,,,,,,,,
Jan 16 2025 19:29:59.603236000 -03,,,,,,,,,,
Jan 16 2025 19:29:59.603621000 -03,172.21.144.1,,224.0.0.251,,,,,,,
Jan 16 2025 19:29:59.604103000 -03,172.21.144.1,,224.0.0.251,,,,,,,
Jan 16 2025 19:29:59.817654000 -03,172.21.144.1,,224.0.0.251,,,,,,,
Jan 16 2025 19:29:59.818963000 -03,,,,,,,,,,
Jan 16 2025 19:29:59.820816000 -03,172.21.144.1,,224.0.0.251,,,,,,,
Jan 16 2025 19:29:59.821972000 -03,,,,,,,,,,
Jan 16 2025 19:29:59.822798000 -03,,,,,,,,,,
Jan 16 2025 19:29:59.823959000 -03,,,,,,,,,,
Jan 16 2025 19:29:59.824566000 -03,172.21.144.1,,224.0.0.251,,,,,,,
Jan 16 2025 19:29:59.825233000 -03,172.21.144.1,,224.0.0.251,,,,,,,
Jan 16 2025 19:30:14.086076000 -03,172.21.144.1,,224.0.0.251,,,,,,,
Jan 16 2025 19:30:14.086775000 -03,,,,,,,,,,
Jan 16 2025 19:30:14.087891000 -03,172.21.144.1,,224.0.0.251,,,,,,,
Jan 16 2025 19:30:14.088519000 -03,,,,,,,,,,
Jan 16 2025 19:30:14.089012000 -03,,,,,,,,,,
Jan 16 2025 19:30:14.089890000 -03,,,,,,,,,,
Jan 16 2025 19:30:14.090277000 -03,172.21.144.1,,224.0.0.251,,,,,,,
Jan 16 2025 19:30:14.090718000 -03,172.21.144.1,,224.0.0.251,,,,,,,
Jan 16 2025 19:30:14.116008000 -03,172.21.144.1,,224.0.0.251,,,,,,,
Jan 16 2025 19:30:14.116681000 -03,,,,,,,,,,
Jan 16 2025 19:30:14.117993000 -03,172.21.144.1,,224.0.0.251,,,,,,,
Jan 16 2025 19:30:14.118601000 -03,,,,,,,,,,
Jan 16 2025 19:30:14.119065000 -03,,,,,,,,,,
Jan 16 2025 19:30:14.119948000 -03,,,,,,,,,,
Jan 16 2025 19:30:14.120401000 -03,172.21.144.1,,224.0.0.251,,,,,,,
Jan 16 2025 19:30:14.120885000 -03,172.21.144.1,,224.0.0.251,,,,,,,
Jan 16 2025 19:32:40.093971000 -03,172.21.144.1,,224.0.0.251,,,,,,,
Jan 16 2025 19:32:40.095240000 -03,,,,,,,,,,
Jan 16 2025 19:32:40.096720000 -03,172.21.144.1,,224.0.0.251,,,,,,,
Jan 16 2025 19:32:40.097585000 -03,,,,,,,,,,
Jan 16 2025 19:32:40.097886000 -03,,,,,,,,,,
Jan 16 2025 19:32:40.098885000 -03,,,,,,,,,,
Jan 16 2025 19:32:40.099320000 -03,172.21.144.1,,224.0.0.251,,,,,,,
Jan 16 2025 19:32:40.099844000 -03,172.21.144.1,,224.0.0.251,,,,,,,
Jan 16 2025 19:32:40.419540000 -03,172.21.144.1,,224.0.0.251,,,,,,,
Jan 16 2025 19:32:40.420240000 -03,,,,,,,,,,
Jan 16 2025 19:32:40.421456000 -03,172.21.144.1,,224.0.0.251,,,,,,,
Jan 16 2025 19:32:40.422140000 -03,,,,,,,,,,
Jan 16 2025 19:32:40.422462000 -03,,,,,,,,,,
Jan 16 2025 19:32:40.423438000 -03,,,,,,,,,,
Jan 16 2025 19:32:40.423791000 -03,172.21.144.1,,224.0.0.251,,,,,,,
Jan 16 2025 19:32:40.424307000 -03,172.21.144.1,,224.0.0.251,,,,,,,
Jan 16 2025 19:34:03.094059000 -03,172.21.144.1,,224.0.0.251,,,,,,,
Jan 16 2025 19:34:03.095221000 -03,,,,,,,,,,
Jan 16 2025 19:34:03.096749000 -03,172.21.144.1,,224.0.0.251,,,,,,,
Jan 16 2025 19:34:03.097514000 -03,,,,,,,,,,
Jan 16 2025 19:34:03.097778000 -03,,,,,,,,,,
Jan 16 2025 19:34:03.098734000 -03,,,,,,,,,,
Jan 16 2025 19:34:03.099160000 -03,172.21.144.1,,224.0.0.251,,,,,,,
Jan 16 2025 19:34:03.099698000 -03,172.21.144.1,,224.0.0.251,,,,,,,
Jan 16 2025 19:34:03.431283000 -03,172.21.144.1,,224.0.0.251,,,,,,,
Jan 16 2025 19:34:03.432048000 -03,,,,,,,,,,
Jan 16 2025 19:34:03.433240000 -03,172.21.144.1,,224.0.0.251,,,,,,,
Jan 16 2025 19:34:03.433871000 -03,,,,,,,,,,
Jan 16 2025 19:34:03.434116000 -03,,,,,,,,,,
Jan 16 2025 19:34:03.435077000 -03,,,,,,,,,,
Jan 16 2025 19:34:03.435586000 -03,172.21.144.1,,224.0.0.251,,,,,,,
Jan 16 2025 19:34:03.436100000 -03,172.21.144.1,,224.0.0.251,,,,,,,
Jan 16 2025 19:35:37.548951000 -03,172.21.147.173,36866,20.201.28.148,443,SYN/,0,0,64480,020404d80402080a3a1082d40000000001030307,0
Jan 16 2025 19:35:37.595649000 -03,20.201.28.148,443,172.21.147.173,36866,ACK/SYN/,0,1,65535,0204059c0402080a277daed43a1082d40103030a,0
Jan 16 2025 19:35:37.595720000 -03,172.21.147.173,36866,20.201.28.148,443,ACK/,1,1,504,0101080a3a108303277daed4,0
Jan 16 2025 19:35:37.596353000 -03,172.21.147.173,36866,20.201.28.148,443,ACK/PSH/,1,1,504,0101080a3a108304277daed4,381
Jan 16 2025 19:35:37.645694000 -03,20.201.28.148,443,172.21.147.173,36866,ACK/PSH/,1,382,66,0101080a277daf053a108304,2456
Jan 16 2025 19:35:37.645696000 -03,20.201.28.148,443,172.21.147.173,36866,ACK/PSH/,2457,382,66,0101080a277daf053a108304,1035
Jan 16 2025 19:35:37.645855000 -03,172.21.147.173,36866,20.201.28.148,443,ACK/,382,2457,500,0101080a3a108335277daf05,0
Jan 16 2025 19:35:37.645873000 -03,172.21.147.173,36866,20.201.28.148,443,ACK/,382,3492,494,0101080a3a108335277daf05,0
Jan 16 2025 19:35:37.653381000 -03,172.21.147.173,36866,20.201.28.148,443,ACK/PSH/,382,3492,503,0101080a3a10833d277daf05,64
Jan 16 2025 19:35:37.653419000 -03,172.21.147.173,36866,20.201.28.148,443,ACK/PSH/,446,3492,503,0101080a3a10833d277daf05,288
Jan 16 2025 19:35:37.700276000 -03,20.201.28.148,443,172.21.147.173,36866,ACK/PSH/,3492,734,67,0101080a277daf3c3a10833d,158
Jan 16 2025 19:35:37.700277000 -03,20.201.28.148,443,172.21.147.173,36866,ACK/PSH/,3650,734,67,0101080a277daf3c3a10833d,64
Jan 16 2025 19:35:37.700477000 -03,172.21.147.173,36866,20.201.28.148,443,ACK/,734,3714,503,0101080a3a10836c277daf3c,0
Jan 16 2025 19:35:37.700982000 -03,172.21.147.173,36866,20.201.28.148,443,ACK/PSH/,734,3714,503,0101080a3a10836c277daf3c,31
Jan 16 2025 19:35:37.793617000 -03,20.201.28.148,443,172.21.147.173,36866,ACK/,3714,765,67,0101080a277daf9a3a10836c,0
Jan 16 2025 19:35:38.023464000 -03,20.201.28.148,443,172.21.147.173,36866,ACK/PSH/,3714,765,67,0101080a277db07f3a10836c,2059
Jan 16 2025 19:35:38.023908000 -03,172.21.147.173,36866,20.201.28.148,443,ACK/,765,5773,503,0101080a3a1084af277db07f,0
Jan 16 2025 19:35:39.159253000 -03,172.21.147.173,36876,20.201.28.148,443,SYN/,0,0,64480,020404d80402080a3a10891f0000000001030307,0
Jan 16 2025 19:35:39.206906000 -03,20.201.28.148,443,172.21.147.173,36876,ACK/SYN/,0,1,65535,0204059c0402080a277db51f3a10891f0103030a,0
Jan 16 2025 19:35:39.206962000 -03,172.21.147.173,36876,20.201.28.148,443,ACK/,1,1,504,0101080a3a10894e277db51f,0
Jan 16 2025 19:35:39.207386000 -03,172.21.147.173,36876,20.201.28.148,443,ACK/PSH/,1,1,504,0101080a3a10894f277db51f,387
Jan 16 2025 19:35:39.255831000 -03,20.201.28.148,443,172.21.147.173,36876,ACK/PSH/,1,388,66,0101080a277db5503a10894f,2456
Jan 16 2025 19:35:39.255831000 -03,20.201.28.148,443,172.21.147.173,36876,ACK/PSH/,2457,388,66,0101080a277db5503a10894f,1041
Jan 16 2025 19:35:39.255872000 -03,172.21.147.173,36876,20.201.28.148,443,ACK/,388,2457,500,0101080a3a10897f277db550,0
Jan 16 2025 19:35:39.255877000 -03,172.21.147.173,36876,20.201.28.148,443,ACK/,388,3498,494,0101080a3a10897f277db550,0
Jan 16 2025 19:35:39.259371000 -03,172.21.147.173,36876,20.201.28.148,443,ACK/PSH/,388,3498,503,0101080a3a108983277db550,476
Jan 16 2025 19:35:39.307033000 -03,20.201.28.148,443,172.21.147.173,36876,ACK/PSH/,3498,864,67,0101080a277db5833a108983,158
Jan 16 2025 19:35:39.355855000 -03,172.21.147.173,36876,20.201.28.148,443,ACK/,864,3656,503,0101080a3a1089e3277db583,0
Jan 16 2025 19:35:39.586807000 -03,20.201.28.148,443,172.21.147.173,36876,ACK/PSH/,3656,864,67,0101080a277db69b3a1089e3,2232
Jan 16 2025 19:35:39.586859000 -03,172.21.147.173,36876,20.201.28.148,443,ACK/,864,5888,499,0101080a3a108aca277db69b,0
Jan 16 2025 19:35:39.664975000 -03,172.21.147.173,36888,20.201.28.148,443,SYN/,0,0,64480,020404d80402080a3a108b180000000001030307,0
Jan 16 2025 19:35:39.710809000 -03,20.201.28.148,443,172.21.147.173,36888,ACK/SYN/,0,1,65535,0204059c0402080a474554453a108b180103030a,0
Jan 16 2025 19:35:39.710861000 -03,172.21.147.173,36888,20.201.28.148,443,ACK/,1,1,504,0101080a3a108b4647455445,0
Jan 16 2025 19:35:39.711227000 -03,172.21.147.173,36888,20.201.28.148,443,ACK/PSH/,1,1,504,0101080a3a108b4747455445,387
Jan 16 2025 19:35:39.757816000 -03,20.201.28.148,443,172.21.147.173,36888,ACK/PSH/,1,388,66,0101080a474554733a108b47,2456
Jan 16 2025 19:35:39.757817000 -03,20.201.28.148,443,172.21.147.173,36888,ACK/PSH/,2457,388,66,0101080a474554733a108b47,1041
Jan 16 2025 19:35:39.757977000 -03,172.21.147.173,36888,20.201.28.148,443,ACK/,388,2457,500,0101080a3a108b7547455473,0
Jan 16 2025 19:35:39.757999000 -03,172.21.147.173,36888,20.201.28.148,443,ACK/,388,3498,494,0101080a3a108b7547455473,0
Jan 16 2025 19:35:39.767172000 -03,172.21.147.173,36888,20.201.28.148,443,ACK/PSH/,388,3498,503,0101080a3a108b7f47455473,405
Jan 16 2025 19:35:39.812997000 -03,20.201.28.148,443,172.21.147.173,36888,ACK/PSH/,3498,793,67,0101080a474554ab3a108b7f,158
Jan 16 2025 19:35:39.855847000 -03,172.21.147.173,36888,20.201.28.148,443,ACK/,793,3656,503,0101080a3a108bd7474554ab,0
Jan 16 2025 19:35:39.999576000 -03,20.201.28.148,443,172.21.147.173,36888,ACK/PSH/,3656,793,67,0101080a474555663a108bd7,2192
Jan 16 2025 19:35:39.999608000 -03,172.21.147.173,36888,20.201.28.148,443,ACK/,793,5848,499,0101080a3a108c6747455566,0
Jan 16 2025 19:35:40.288211000 -03,172.21.147.173,59940,169.254.169.254,80,SYN/,0,0,64480,020404d80402080a253b873d0000000001030307,0
Jan 16 2025 19:35:41.335862000 -03,172.21.147.173,59940,169.254.169.254,80,SYN/,0,0,64480,020404d80402080a253b8b540000000001030307,0
Jan 16 2025 19:35:42.341389000 -03,172.21.147.173,38816,20.42.65.93,443,SYN/,0,0,64480,020404d80402080aed1dd9460000000001030307,0
Jan 16 2025 19:35:42.488520000 -03,20.42.65.93,443,172.21.147.173,38816,ACK/SYN/,0,1,65535,020405a0010303080402080a9c9290daed1dd946,0
Jan 16 2025 19:35:42.488595000 -03,172.21.147.173,38816,20.42.65.93,443,ACK/,1,1,504,0101080aed1dd9d99c9290da,0
Jan 16 2025 19:35:42.489112000 -03,172.21.147.173,38816,20.42.65.93,443,ACK/PSH/,1,1,504,0101080aed1dd9d99c9290da,485
Jan 16 2025 19:35:42.580925000 -03,,,,,,,,,,
Jan 16 2025 19:35:42.580932000 -03,,,,,,,,,,
Jan 16 2025 19:35:42.638148000 -03,20.42.65.93,443,172.21.147.173,38816,ACK/PSH/,1,486,16384,0101080a9c92916fed1dd9d9,99
Jan 16 2025 19:35:42.638189000 -03,172.21.147.173,38816,20.42.65.93,443,ACK/,486,100,504,0101080aed1dda6f9c92916f,0
Jan 16 2025 19:35:42.639481000 -03,172.21.147.173,38816,20.42.65.93,443,ACK/PSH/,486,100,504,0101080aed1dda709c92916f,556
Jan 16 2025 19:35:42.792710000 -03,20.42.65.93,443,172.21.147.173,38816,ACK/,100,1042,16382,0101080a9c929209ed1dda70,3684
Jan 16 2025 19:35:42.792710000 -03,20.42.65.93,443,172.21.147.173,38816,ACK/PSH/,3784,1042,16382,0101080a9c929209ed1dda70,848
Jan 16 2025 19:35:42.832124000 -03,172.21.147.173,38816,20.42.65.93,443,ACK/,1042,4632,503,0101080aed1ddb309c929209,0
Jan 16 2025 19:35:42.835418000 -03,172.21.147.173,38816,20.42.65.93,443,ACK/PSH/,1042,4632,503,0101080aed1ddb349c929209,2297
Jan 16 2025 19:35:42.836031000 -03,172.21.147.173,35608,20.189.172.33,443,SYN/,0,0,64480,020404d80402080a609433da0000000001030307,0
Jan 16 2025 19:35:42.981851000 -03,20.42.65.93,443,172.21.147.173,38816,ACK/,4632,3339,16386,0101080a9c9292c7ed1ddb34,0
Jan 16 2025 19:35:42.986239000 -03,20.42.65.93,443,172.21.147.173,38816,ACK/PSH/,4632,3339,16386,0101080a9c9292cced1ddb34,103
Jan 16 2025 19:35:42.989610000 -03,20.42.65.93,443,172.21.147.173,38816,ACK/PSH/FIN/,4735,3339,16386,0101080a9c9292cded1ddb34,463
Jan 16 2025 19:35:42.989684000 -03,172.21.147.173,38816,20.42.65.93,443,ACK/,3339,5199,503,0101080aed1ddbce9c9292cc,0
Jan 16 2025 19:35:42.990152000 -03,172.21.147.173,38816,20.42.65.93,443,ACK/PSH/,3339,5199,503,0101080aed1ddbcf9c9292cc,24
Jan 16 2025 19:35:42.990187000 -03,172.21.147.173,38816,20.42.65.93,443,ACK/FIN/,3363,5199,503,0101080aed1ddbcf9c9292cc,0
Jan 16 2025 19:35:43.040929000 -03,20.189.172.33,443,172.21.147.173,35608,ACK/SYN/,0,1,65535,020405a0010303080402080a07e62e70609433da,0
Jan 16 2025 19:35:43.040948000 -03,172.21.147.173,35608,20.189.172.33,443,ACK/,1,1,504,0101080a609434a707e62e70,0
Jan 16 2025 19:35:43.041257000 -03,172.21.147.173,35608,20.189.172.33,443,ACK/PSH/,1,1,504,0101080a609434a807e62e70,494
Jan 16 2025 19:35:43.139073000 -03,20.42.65.93,443,172.21.147.173,38816,ACK/,5199,3364,16386,0101080a9c929364ed1ddbcf,0
Jan 16 2025 19:35:43.248951000 -03,20.189.172.33,443,172.21.147.173,35608,ACK/PSH/,1,495,16384,0101080a07e62f3e609434a8,99
Jan 16 2025 19:35:43.249010000 -03,172.21.147.173,35608,20.189.172.33,443,ACK/,495,100,504,0101080a6094357707e62f3e,0
Jan 16 2025 19:35:43.254009000 -03,172.21.147.173,35608,20.189.172.33,443,ACK/PSH/,495,100,504,0101080a6094357c07e62f3e,565
Jan 16 2025 19:35:43.461874000 -03,20.189.172.33,443,172.21.147.173,35608,ACK/,100,1060,16381,0101080a07e630126094357c,3684
Jan 16 2025 19:35:43.461876000 -03,20.189.172.33,443,172.21.147.173,35608,ACK/PSH/,3784,1060,16381,0101080a07e630126094357c,726
Jan 16 2025 19:35:43.462021000 -03,172.21.147.173,35608,20.189.172.33,443,ACK/,1060,4510,503,0101080a6094364c07e63012,0
Jan 16 2025 19:35:43.476831000 -03,172.21.147.173,35608,20.189.172.33,443,ACK/PSH/,1060,4510,503,0101080a6094365b07e63012,738
Jan 16 2025 19:35:43.589776000 -03,172.21.147.173,36876,20.201.28.148,443,ACK/FIN/,864,5888,503,0101080a3a109a6d277db69b,0
Jan 16 2025 19:35:43.639560000 -03,20.201.28.148,443,172.21.147.173,36876,ACK/PSH/,5888,865,67,0101080a277dc6703a109a6d,24
Jan 16 2025 19:35:43.639561000 -03,20.201.28.148,443,172.21.147.173,36876,ACK/FIN/,5912,865,67,0101080a277dc6703a109a6d,0
Jan 16 2025 19:35:43.639616000 -03,172.21.147.173,36876,20.201.28.148,443,RST/,865,0,0,,0
Jan 16 2025 19:35:43.639635000 -03,172.21.147.173,36876,20.201.28.148,443,RST/,865,0,0,,0
Jan 16 2025 19:35:43.686549000 -03,20.189.172.33,443,172.21.147.173,35608,ACK/PSH/,4510,1798,16386,0101080a07e630f46094365b,103
Jan 16 2025 19:35:43.686550000 -03,20.189.172.33,443,172.21.147.173,35608,ACK/PSH/,4613,1798,16386,0101080a07e630f56094365b,349
Jan 16 2025 19:35:43.686551000 -03,20.189.172.33,443,172.21.147.173,35608,ACK/PSH/FIN/,4962,1798,16386,0101080a07e630f56094365b,27
Jan 16 2025 19:35:43.686697000 -03,172.21.147.173,35608,20.189.172.33,443,ACK/,1798,4990,503,0101080a6094372d07e630f4,0
Jan 16 2025 19:35:43.688035000 -03,172.21.147.173,35608,20.189.172.33,443,ACK/PSH/,1798,4990,503,0101080a6094372e07e630f4,24
Jan 16 2025 19:35:43.688227000 -03,172.21.147.173,35608,20.189.172.33,443,ACK/FIN/,1822,4990,503,0101080a6094372f07e630f4,0
Jan 16 2025 19:35:43.896007000 -03,20.189.172.33,443,172.21.147.173,35608,ACK/,4990,1823,16386,0101080a07e631c66094372e,0
Jan 16 2025 19:35:44.006840000 -03,172.21.147.173,36888,20.201.28.148,443,ACK/FIN/,793,5848,503,0101080a3a109c0e47455566,0
Jan 16 2025 19:35:44.055679000 -03,20.201.28.148,443,172.21.147.173,36888,ACK/PSH/,5848,794,67,0101080a4745653e3a109c0e,24
Jan 16 2025 19:35:44.055680000 -03,20.201.28.148,443,172.21.147.173,36888,ACK/FIN/,5872,794,67,0101080a4745653e3a109c0e,0
Jan 16 2025 19:35:44.055745000 -03,172.21.147.173,36888,20.201.28.148,443,RST/,794,0,0,,0
Jan 16 2025 19:35:44.055766000 -03,172.21.147.173,36888,20.201.28.148,443,RST/,794,0,0,,0
Jan 16 2025 19:35:52.550286000 -03,172.21.147.173,55528,140.82.114.21,443,SYN/,0,0,64480,020404d80402080a35cc4fa20000000001030307,0
Jan 16 2025 19:35:52.627422000 -03,140.82.114.21,443,172.21.147.173,55528,ACK/SYN/,0,1,65535,0204059c0402080a9518c73f35cc4fa20103030a,0
Jan 16 2025 19:35:52.627480000 -03,172.21.147.173,55528,140.82.114.21,443,ACK/,1,1,504,0101080a35cc4fef9518c73f,0
Jan 16 2025 19:35:52.627832000 -03,172.21.147.173,55528,140.82.114.21,443,ACK/PSH/,1,1,504,0101080a35cc4fef9518c73f,405
Jan 16 2025 19:35:52.707390000 -03,140.82.114.21,443,172.21.147.173,55528,ACK/PSH/,1,406,66,0101080a9518c78f35cc4fef,3684
Jan 16 2025 19:35:52.707390000 -03,140.82.114.21,443,172.21.147.173,55528,ACK/PSH/,3685,406,66,0101080a9518c78f35cc4fef,412
Jan 16 2025 19:35:52.707433000 -03,172.21.147.173,55528,140.82.114.21,443,ACK/,406,3685,479,0101080a35cc503f9518c78f,0
Jan 16 2025 19:35:52.707437000 -03,172.21.147.173,55528,140.82.114.21,443,ACK/,406,4097,479,0101080a35cc503f9518c78f,0
Jan 16 2025 19:35:52.711703000 -03,140.82.114.21,443,172.21.147.173,55528,ACK/PSH/,4097,406,66,0101080a9518c79435cc4fef,1592
Jan 16 2025 19:35:52.711707000 -03,172.21.147.173,55528,140.82.114.21,443,ACK/,406,5689,500,0101080a35cc50439518c794,0
Jan 16 2025 19:35:52.714092000 -03,172.21.147.173,55528,140.82.114.21,443,ACK/PSH/,406,5689,503,0101080a35cc50459518c794,64
Jan 16 2025 19:35:52.714132000 -03,172.21.147.173,55528,140.82.114.21,443,ACK/PSH/,470,5689,503,0101080a35cc50469518c794,2456
Jan 16 2025 19:35:52.714134000 -03,172.21.147.173,55528,140.82.114.21,443,ACK/PSH/,2926,5689,503,0101080a35cc50469518c794,2456
Jan 16 2025 19:35:52.714352000 -03,172.21.147.173,55528,140.82.114.21,443,ACK/PSH/,5382,5689,503,0101080a35cc50469518c794,2266
Jan 16 2025 19:35:52.791116000 -03,140.82.114.21,443,172.21.147.173,55528,ACK/PSH/,5689,470,66,0101080a9518c7e335cc5045,158
Jan 16 2025 19:35:52.791117000 -03,140.82.114.21,443,172.21.147.173,55528,ACK/,5847,2926,70,0101080a9518c7e335cc5046,0
Jan 16 2025 19:35:52.791117000 -03,140.82.114.21,443,172.21.147.173,55528,ACK/,5847,5382,75,0101080a9518c7e335cc5046,0
Jan 16 2025 19:35:52.791117000 -03,140.82.114.21,443,172.21.147.173,55528,ACK/,5847,7648,80,0101080a9518c7e335cc5046,0
Jan 16 2025 19:35:52.791117000 -03,140.82.114.21,443,172.21.147.173,55528,ACK/PSH/,5847,7648,80,0101080a9518c7e335cc5046,90
Jan 16 2025 19:35:52.791259000 -03,172.21.147.173,55528,140.82.114.21,443,ACK/,7648,5937,503,0101080a35cc50939518c7e3,0
Jan 16 2025 19:35:52.791670000 -03,172.21.147.173,55528,140.82.114.21,443,ACK/PSH/,7648,5937,503,0101080a35cc50939518c7e3,31
Jan 16 2025 19:35:52.913684000 -03,140.82.114.21,443,172.21.147.173,55528,ACK/,5937,7679,80,0101080a9518c85e35cc5093,0
Jan 16 2025 19:35:53.104394000 -03,140.82.114.21,443,172.21.147.173,55528,ACK/PSH/,5937,7679,80,0101080a9518c91c35cc5093,462
Jan 16 2025 19:35:53.145751000 -03,172.21.147.173,55528,140.82.114.21,443,ACK/,7679,6399,503,0101080a35cc51f59518c91c,0
Jan 16 2025 19:35:54.134614000 -03,172.21.147.173,55542,140.82.114.21,443,SYN/,0,0,64480,020404d80402080a35cc55d20000000001030307,0
Jan 16 2025 19:35:54.291931000 -03,140.82.114.21,443,172.21.147.173,55542,ACK/SYN/,0,1,65535,0204059c0402080a485f919735cc55d20103030a,0
Jan 16 2025 19:35:54.291977000 -03,172.21.147.173,55542,140.82.114.21,443,ACK/,1,1,504,0101080a35cc566f485f9197,0
Jan 16 2025 19:35:54.292385000 -03,172.21.147.173,55542,140.82.114.21,443,ACK/PSH/,1,1,504,0101080a35cc5670485f9197,396
Jan 16 2025 19:35:54.460829000 -03,140.82.114.21,443,172.21.147.173,55542,ACK/PSH/,1,397,66,0101080a485f923735cc5670,3684
Jan 16 2025 19:35:54.460830000 -03,140.82.114.21,443,172.21.147.173,55542,ACK/PSH/,3685,397,66,0101080a485f923735cc5670,412
Jan 16 2025 19:35:54.461008000 -03,172.21.147.173,55542,140.82.114.21,443,ACK/,397,3685,479,0101080a35cc5718485f9237,0
Jan 16 2025 19:35:54.461028000 -03,172.21.147.173,55542,140.82.114.21,443,ACK/,397,4097,479,0101080a35cc5718485f9237,0
Jan 16 2025 19:35:54.464608000 -03,140.82.114.21,443,172.21.147.173,55542,ACK/PSH/,4097,397,66,0101080a485f923b35cc5670,1583
Jan 16 2025 19:35:54.464645000 -03,172.21.147.173,55542,140.82.114.21,443,ACK/,397,5680,500,0101080a35cc571c485f923b,0
Jan 16 2025 19:35:54.471061000 -03,172.21.147.173,55542,140.82.114.21,443,ACK/PSH/,397,5680,503,0101080a35cc5722485f923b,1850
Jan 16 2025 19:35:54.635340000 -03,140.82.114.21,443,172.21.147.173,55542,ACK/PSH/,5680,2247,69,0101080a485f92e835cc5722,158
Jan 16 2025 19:35:54.685679000 -03,172.21.147.173,55542,140.82.114.21,443,ACK/,2247,5838,503,0101080a35cc57f9485f92e8,0
Jan 16 2025 19:35:54.941502000 -03,140.82.114.21,443,172.21.147.173,55542,ACK/PSH/,5838,2247,69,0101080a485f941635cc57f9,586
Jan 16 2025 19:35:54.941504000 -03,140.82.114.21,443,172.21.147.173,55542,ACK/PSH/,6424,2247,69,0101080a485f941635cc57f9,24
Jan 16 2025 19:35:54.941505000 -03,140.82.114.21,443,172.21.147.173,55542,ACK/FIN/,6448,2247,69,0101080a485f941635cc57f9,0
Jan 16 2025 19:35:54.941654000 -03,172.21.147.173,55542,140.82.114.21,443,ACK/,2247,6424,503,0101080a35cc58f9485f9416,0
Jan 16 2025 19:35:54.941672000 -03,172.21.147.173,55542,140.82.114.21,443,ACK/,2247,6448,503,0101080a35cc58f9485f9416,0
Jan 16 2025 19:35:54.943048000 -03,172.21.147.173,55542,140.82.114.21,443,ACK/PSH/,2247,6449,503,0101080a35cc58fa485f9416,24
Jan 16 2025 19:35:54.943891000 -03,172.21.147.173,55542,140.82.114.21,443,ACK/FIN/,2271,6449,503,0101080a35cc58fb485f9416,0
Jan 16 2025 19:35:55.101676000 -03,140.82.114.21,443,172.21.147.173,55542,RST/,6449,0,0,,0
Jan 16 2025 19:36:08.023916000 -03,20.201.28.148,443,172.21.147.173,36866,ACK/PSH/,5773,765,67,0101080a277e25b03a1084af,39
Jan 16 2025 19:36:08.023917000 -03,20.201.28.148,443,172.21.147.173,36866,ACK/PSH/,5812,765,67,0101080a277e25b03a1084af,24
Jan 16 2025 19:36:08.023918000 -03,20.201.28.148,443,172.21.147.173,36866,ACK/FIN/,5836,765,67,0101080a277e25b03a1084af,0
Jan 16 2025 19:36:08.024365000 -03,172.21.147.173,36866,20.201.28.148,443,ACK/,765,5837,503,0101080a3a10f9e0277e25b0,0
Jan 16 2025 19:36:08.025105000 -03,172.21.147.173,36866,20.201.28.148,443,ACK/PSH/,765,5837,503,0101080a3a10f9e0277e25b0,56
Jan 16 2025 19:36:08.025675000 -03,172.21.147.173,36866,20.201.28.148,443,ACK/FIN/,821,5837,503,0101080a3a10f9e1277e25b0,0
Jan 16 2025 19:36:08.074209000 -03,20.201.28.148,443,172.21.147.173,36866,RST/,5837,0,0,,0
Jan 16 2025 19:36:08.074210000 -03,20.201.28.148,443,172.21.147.173,36866,RST/,5837,0,0,,0
Jan 16 2025 19:36:26.113573000 -03,172.21.144.1,,224.0.0.251,,,,,,,
Jan 16 2025 19:36:26.115984000 -03,,,,,,,,,,
Jan 16 2025 19:36:26.118094000 -03,172.21.144.1,,224.0.0.251,,,,,,,
Jan 16 2025 19:36:26.118917000 -03,,,,,,,,,,
Jan 16 2025 19:36:26.119412000 -03,,,,,,,,,,
Jan 16 2025 19:36:26.120343000 -03,,,,,,,,,,
Jan 16 2025 19:36:26.120851000 -03,172.21.144.1,,224.0.0.251,,,,,,,
Jan 16 2025 19:36:26.121280000 -03,172.21.144.1,,224.0.0.251,,,,,,,
Jan 16 2025 19:36:26.470346000 -03,172.21.144.1,,224.0.0.251,,,,,,,
Jan 16 2025 19:36:26.471016000 -03,,,,,,,,,,
Jan 16 2025 19:36:26.472266000 -03,172.21.144.1,,224.0.0.251,,,,,,,
Jan 16 2025 19:36:26.473004000 -03,,,,,,,,,,
Jan 16 2025 19:36:26.473496000 -03,,,,,,,,,,
Jan 16 2025 19:36:26.474350000 -03,,,,,,,,,,
Jan 16 2025 19:36:26.474779000 -03,172.21.144.1,,224.0.0.251,,,,,,,
Jan 16 2025 19:36:26.475270000 -03,172.21.144.1,,224.0.0.251,,,,,,,
Jan 16 2025 19:36:56.094286000 -03,172.21.144.1,,224.0.0.251,,,,,,,
Jan 16 2025 19:36:56.095348000 -03,,,,,,,,,,
Jan 16 2025 19:36:56.096699000 -03,172.21.144.1,,224.0.0.251,,,,,,,
Jan 16 2025 19:36:56.097391000 -03,,,,,,,,,,
Jan 16 2025 19:36:56.097646000 -03,,,,,,,,,,
Jan 16 2025 19:36:56.098608000 -03,,,,,,,,,,
Jan 16 2025 19:36:56.099026000 -03,172.21.144.1,,224.0.0.251,,,,,,,
Jan 16 2025 19:36:56.099506000 -03,172.21.144.1,,224.0.0.251,,,,,,,
Jan 16 2025 19:36:56.250673000 -03,172.21.144.1,,224.0.0.251,,,,,,,
Jan 16 2025 19:36:56.251359000 -03,,,,,,,,,,
Jan 16 2025 19:36:56.252596000 -03,172.21.144.1,,224.0.0.251,,,,,,,
Jan 16 2025 19:36:56.253361000 -03,,,,,,,,,,
Jan 16 2025 19:36:56.253865000 -03,,,,,,,,,,
Jan 16 2025 19:36:56.254979000 -03,,,,,,,,,,
Jan 16 2025 19:36:56.255601000 -03,172.21.144.1,,224.0.0.251,,,,,,,
Jan 16 2025 19:36:56.256412000 -03,172.21.144.1,,224.0.0.251,,,,,,,
Jan 16 2025 19:37:53.104357000 -03,140.82.114.21,443,172.21.147.173,55528,ACK/PSH/,6399,7679,80,0101080a951a9ddc35cc51f5,39
Jan 16 2025 19:37:53.104358000 -03,140.82.114.21,443,172.21.147.173,55528,ACK/PSH/,6438,7679,80,0101080a951a9ddc35cc51f5,24
Jan 16 2025 19:37:53.104358000 -03,140.82.114.21,443,172.21.147.173,55528,ACK/FIN/,6462,7679,80,0101080a951a9ddc35cc51f5,0
Jan 16 2025 19:37:53.104378000 -03,172.21.147.173,55528,140.82.114.21,443,ACK/,7679,6438,503,0101080a35ce268c951a9ddc,0
Jan 16 2025 19:37:53.104440000 -03,172.21.147.173,55528,140.82.114.21,443,ACK/,7679,6462,503,0101080a35ce268c951a9ddc,0
Jan 16 2025 19:37:53.105225000 -03,172.21.147.173,55528,140.82.114.21,443,ACK/PSH/,7679,6463,503,0101080a35ce268d951a9ddc,56
Jan 16 2025 19:37:53.105418000 -03,172.21.147.173,55528,140.82.114.21,443,ACK/FIN/,7735,6463,503,0101080a35ce268d951a9ddc,0
Jan 16 2025 19:37:53.183365000 -03,140.82.114.21,443,172.21.147.173,55528,RST/,6463,0,0,,0
Jan 16 2025 19:37:58.081538000 -03,,,,,,,,,,
Jan 16 2025 19:37:58.081548000 -03,,,,,,,,,,
Jan 16 2025 19:37:58.135295000 -03,,,,,,,,,,
Jan 16 2025 19:37:58.135647000 -03,,,,,,,,,,
Jan 16 2025 19:39:45.157356000 -03,172.21.144.1,,172.21.159.255,,,,,,,
Jan 16 2025 19:40:34.180898000 -03,172.21.147.173,34930,169.254.169.254,80,SYN/,0,0,64480,020404d80402080a254003410000000001030307,0
Jan 16 2025 19:40:34.378837000 -03,172.21.147.173,34354,13.107.5.93,443,SYN/,0,0,64480,020404d80402080a4ea03e5b0000000001030307,0
Jan 16 2025 19:40:34.424404000 -03,13.107.5.93,443,172.21.147.173,34354,ACK/SYN/,0,1,65535,020405a00103030801010402,0
Jan 16 2025 19:40:34.424454000 -03,172.21.147.173,34354,13.107.5.93,443,ACK/,1,1,504,,0
Jan 16 2025 19:40:34.425089000 -03,172.21.147.173,34354,13.107.5.93,443,ACK/PSH/,1,1,504,,392
Jan 16 2025 19:40:34.470398000 -03,13.107.5.93,443,172.21.147.173,34354,ACK/,1,393,16384,,0
Jan 16 2025 19:40:34.470399000 -03,13.107.5.93,443,172.21.147.173,34354,ACK/PSH/,1,393,16384,,99
Jan 16 2025 19:40:34.470418000 -03,172.21.147.173,34354,13.107.5.93,443,ACK/,393,100,504,,0
Jan 16 2025 19:40:34.473177000 -03,172.21.147.173,34354,13.107.5.93,443,ACK/PSH/,393,100,504,,499
Jan 16 2025 19:40:34.518036000 -03,13.107.5.93,443,172.21.147.173,34354,ACK/,100,892,16382,,0
Jan 16 2025 19:40:34.521878000 -03,13.107.5.93,443,172.21.147.173,34354,ACK/,100,892,16382,,3720
Jan 16 2025 19:40:34.521879000 -03,13.107.5.93,443,172.21.147.173,34354,ACK/PSH/,3820,892,16382,,493
Jan 16 2025 19:40:34.521995000 -03,172.21.147.173,34354,13.107.5.93,443,ACK/,892,4313,503,,0
Jan 16 2025 19:40:34.528702000 -03,172.21.147.173,34354,13.107.5.93,443,ACK/PSH/,892,4313,503,,606
Jan 16 2025 19:40:34.573610000 -03,13.107.5.93,443,172.21.147.173,34354,ACK/,4313,1498,16386,,0
Jan 16 2025 19:40:34.573610000 -03,13.107.5.93,443,172.21.147.173,34354,ACK/PSH/,4313,1498,16386,,459
Jan 16 2025 19:40:34.625309000 -03,172.21.147.173,34354,13.107.5.93,443,ACK/,1498,4772,503,,0
Jan 16 2025 19:40:34.690425000 -03,13.107.5.93,443,172.21.147.173,34354,ACK/PSH/,4772,1498,16386,,1461
Jan 16 2025 19:40:34.690425000 -03,13.107.5.93,443,172.21.147.173,34354,ACK/PSH/,6233,1498,16386,,1046
Jan 16 2025 19:40:34.690426000 -03,13.107.5.93,443,172.21.147.173,34354,ACK/PSH/,7279,1498,16386,,891
Jan 16 2025 19:40:34.690440000 -03,172.21.147.173,34354,13.107.5.93,443,ACK/,1498,6233,500,,0
Jan 16 2025 19:40:34.690482000 -03,172.21.147.173,34354,13.107.5.93,443,ACK/,1498,7279,493,,0
Jan 16 2025 19:40:34.690485000 -03,172.21.147.173,34354,13.107.5.93,443,ACK/,1498,8170,487,,0
Jan 16 2025 19:40:35.255218000 -03,172.21.147.173,34930,169.254.169.254,80,SYN/,0,0,64480,020404d80402080a254007740000000001030307,0
Jan 16 2025 19:40:36.742532000 -03,172.21.147.173,41718,20.189.172.32,443,SYN/,0,0,64480,020404d80402080a8331859d0000000001030307,0
Jan 16 2025 19:40:36.894753000 -03,172.21.147.173,34362,13.107.5.93,443,SYN/,0,0,64480,020404d80402080a4ea0482f0000000001030307,0
Jan 16 2025 19:40:36.940318000 -03,13.107.5.93,443,172.21.147.173,34362,ACK/SYN/,0,1,65535,020405a00103030801010402,0
Jan 16 2025 19:40:36.940371000 -03,172.21.147.173,34362,13.107.5.93,443,ACK/,1,1,504,,0
Jan 16 2025 19:40:36.940860000 -03,172.21.147.173,34362,13.107.5.93,443,ACK/PSH/,1,1,504,,828
Jan 16 2025 19:40:36.947198000 -03,20.189.172.32,443,172.21.147.173,41718,ACK/SYN/,0,1,65535,020405a0010303080402080a6dd5b9968331859d,0
Jan 16 2025 19:40:36.947249000 -03,172.21.147.173,41718,20.189.172.32,443,ACK/,1,1,504,0101080a8331866a6dd5b996,0
Jan 16 2025 19:40:36.947678000 -03,172.21.147.173,41718,20.189.172.32,443,ACK/PSH/,1,1,504,0101080a8331866a6dd5b996,494
Jan 16 2025 19:40:36.985947000 -03,13.107.5.93,443,172.21.147.173,34362,ACK/,1,829,16383,,0
Jan 16 2025 19:40:36.986262000 -03,13.107.5.93,443,172.21.147.173,34362,ACK/PSH/,1,829,16383,,99
Jan 16 2025 19:40:36.986271000 -03,172.21.147.173,34362,13.107.5.93,443,ACK/,829,100,504,,0
Jan 16 2025 19:40:36.988932000 -03,172.21.147.173,34362,13.107.5.93,443,ACK/PSH/,829,100,504,,935
Jan 16 2025 19:40:37.034044000 -03,13.107.5.93,443,172.21.147.173,34362,ACK/,100,1764,16386,,0
Jan 16 2025 19:40:37.040751000 -03,13.107.5.93,443,172.21.147.173,34362,ACK/,100,1764,16386,,3720
Jan 16 2025 19:40:37.040751000 -03,13.107.5.93,443,172.21.147.173,34362,ACK/PSH/,3820,1764,16386,,478
Jan 16 2025 19:40:37.041175000 -03,172.21.147.173,34362,13.107.5.93,443,ACK/,1764,4298,503,,0
Jan 16 2025 19:40:37.047002000 -03,172.21.147.173,34362,13.107.5.93,443,ACK/PSH/,1764,4298,503,,570
Jan 16 2025 19:40:37.092427000 -03,13.107.5.93,443,172.21.147.173,34362,ACK/,4298,2334,16384,,0
Jan 16 2025 19:40:37.092427000 -03,13.107.5.93,443,172.21.147.173,34362,ACK/PSH/,4298,2334,16384,,459
Jan 16 2025 19:40:37.135192000 -03,172.21.147.173,34362,13.107.5.93,443,ACK/,2334,4757,503,,0
Jan 16 2025 19:40:37.152913000 -03,20.189.172.32,443,172.21.147.173,41718,ACK/PSH/,1,495,16384,0101080a6dd5ba558331866a,99
Jan 16 2025 19:40:37.152972000 -03,172.21.147.173,41718,20.189.172.32,443,ACK/,495,100,504,0101080a833187376dd5ba55,0
Jan 16 2025 19:40:37.154267000 -03,172.21.147.173,41718,20.189.172.32,443,ACK/PSH/,495,100,504,0101080a833187396dd5ba55,565
Jan 16 2025 19:40:37.213440000 -03,13.107.5.93,443,172.21.147.173,34362,ACK/PSH/,4757,2334,16384,,1481
Jan 16 2025 19:40:37.213441000 -03,13.107.5.93,443,172.21.147.173,34362,ACK/PSH/,6238,2334,16384,,358
Jan 16 2025 19:40:37.213441000 -03,13.107.5.93,443,172.21.147.173,34362,ACK/FIN/,6596,2334,16384,,0
Jan 16 2025 19:40:37.213453000 -03,172.21.147.173,34362,13.107.5.93,443,ACK/,2334,6238,500,,0
Jan 16 2025 19:40:37.213485000 -03,172.21.147.173,34362,13.107.5.93,443,ACK/,2334,6596,498,,0
Jan 16 2025 19:40:37.214152000 -03,172.21.147.173,34362,13.107.5.93,443,ACK/PSH/,2334,6597,503,,24
Jan 16 2025 19:40:37.214501000 -03,172.21.147.173,34362,13.107.5.93,443,ACK/FIN/,2358,6597,503,,0
Jan 16 2025 19:40:37.259196000 -03,13.107.5.93,443,172.21.147.173,34362,ACK/,6597,2358,16384,,0
Jan 16 2025 19:40:37.259657000 -03,13.107.5.93,443,172.21.147.173,34362,ACK/,6597,2359,16384,,0
Jan 16 2025 19:40:37.360921000 -03,20.189.172.32,443,172.21.147.173,41718,ACK/,100,1060,16381,0101080a6dd5bb3383318739,3684
Jan 16 2025 19:40:37.360921000 -03,20.189.172.32,443,172.21.147.173,41718,ACK/PSH/,3784,1060,16381,0101080a6dd5bb3383318739,725
Jan 16 2025 19:40:37.361066000 -03,172.21.147.173,41718,20.189.172.32,443,ACK/,1060,4509,503,0101080a833188076dd5bb33,0
Jan 16 2025 19:40:37.364411000 -03,172.21.147.173,41718,20.189.172.32,443,ACK/PSH/,1060,4509,503,0101080a8331880b6dd5bb33,298
Jan 16 2025 19:40:37.568971000 -03,20.189.172.32,443,172.21.147.173,41718,ACK/PSH/,4509,1358,16386,0101080a6dd5bc038331880b,103
Jan 16 2025 19:40:37.569271000 -03,20.189.172.32,443,172.21.147.173,41718,ACK/PSH/,4612,1358,16386,0101080a6dd5bc048331880b,349
Jan 16 2025 19:40:37.569271000 -03,20.189.172.32,443,172.21.147.173,41718,ACK/PSH/FIN/,4961,1358,16386,0101080a6dd5bc048331880b,27
Jan 16 2025 19:40:37.569312000 -03,172.21.147.173,41718,20.189.172.32,443,ACK/,1358,4989,503,0101080a833188d86dd5bc03,0
Jan 16 2025 19:40:37.569665000 -03,172.21.147.173,41718,20.189.172.32,443,ACK/PSH/,1358,4989,503,0101080a833188d86dd5bc03,24
Jan 16 2025 19:40:37.569728000 -03,172.21.147.173,41718,20.189.172.32,443,ACK/FIN/,1382,4989,503,0101080a833188d86dd5bc03,0
Jan 16 2025 19:40:37.774417000 -03,20.189.172.32,443,172.21.147.173,41718,ACK/,4989,1383,16386,0101080a6dd5bcd1833188d8,0
Jan 16 2025 19:40:38.693254000 -03,172.21.147.173,34354,13.107.5.93,443,ACK/FIN/,1498,8170,503,,0
Jan 16 2025 19:40:38.741374000 -03,13.107.5.93,443,172.21.147.173,34354,ACK/,8170,1499,16386,,0
Jan 16 2025 19:40:38.741374000 -03,13.107.5.93,443,172.21.147.173,34354,ACK/FIN/,8170,1499,16386,,0
Jan 16 2025 19:40:38.741413000 -03,172.21.147.173,34354,13.107.5.93,443,ACK/,1499,8171,503,,0
Jan 16 2025 19:40:38.924512000 -03,172.21.147.173,34934,169.254.169.254,80,SYN/,0,0,64480,020404d80402080a254015c90000000001030307,0
Jan 16 2025 19:40:38.937018000 -03,172.21.147.173,34940,169.254.169.254,80,SYN/,0,0,64480,020404d80402080a254015d50000000001030307,0
Jan 16 2025 19:40:39.077071000 -03,,,,,,,,,,
Jan 16 2025 19:40:39.077078000 -03,,,,,,,,,,
Jan 16 2025 19:40:39.975254000 -03,172.21.147.173,34940,169.254.169.254,80,SYN/,0,0,64480,020404d80402080a254019e40000000001030307,0
Jan 16 2025 19:40:39.975264000 -03,172.21.147.173,34934,169.254.169.254,80,SYN/,0,0,64480,020404d80402080a254019e40000000001030307,0
Jan 16 2025 19:40:41.523437000 -03,172.21.147.173,41134,20.189.172.32,443,SYN/,0,0,64480,020404d80402080a8331984a0000000001030307,0
Jan 16 2025 19:40:41.525562000 -03,172.21.147.173,41136,20.189.172.32,443,SYN/,0,0,64480,020404d80402080a8331984c0000000001030307,0
Jan 16 2025 19:40:41.723996000 -03,20.189.172.32,443,172.21.147.173,41134,ACK/SYN/,0,1,65535,020405a0010303080402080a07bb435d8331984a,0
Jan 16 2025 19:40:41.724020000 -03,172.21.147.173,41134,20.189.172.32,443,ACK/,1,1,504,0101080a8331991207bb435d,0
Jan 16 2025 19:40:41.724624000 -03,172.21.147.173,41134,20.189.172.32,443,ACK/PSH/,1,1,504,0101080a8331991307bb435d,494
Jan 16 2025 19:40:41.726876000 -03,20.189.172.32,443,172.21.147.173,41136,ACK/SYN/,0,1,65535,020405a0010303080402080a6dd61a448331984c,0
Jan 16 2025 19:40:41.726940000 -03,172.21.147.173,41136,20.189.172.32,443,ACK/,1,1,504,0101080a833199156dd61a44,0
Jan 16 2025 19:40:41.727529000 -03,172.21.147.173,41136,20.189.172.32,443,ACK/PSH/,1,1,504,0101080a833199166dd61a44,494
Jan 16 2025 19:40:41.925126000 -03,20.189.172.32,443,172.21.147.173,41134,ACK/PSH/,1,495,16384,0101080a07bb442683319913,99
Jan 16 2025 19:40:41.925151000 -03,172.21.147.173,41134,20.189.172.32,443,ACK/,495,100,504,0101080a833199dc07bb4426,0
Jan 16 2025 19:40:41.926818000 -03,172.21.147.173,41134,20.189.172.32,443,ACK/PSH/,495,100,504,0101080a833199dd07bb4426,565
Jan 16 2025 19:40:41.927969000 -03,20.189.172.32,443,172.21.147.173,41136,ACK/PSH/,1,495,16384,0101080a6dd61b0e83319916,99
Jan 16 2025 19:40:41.928015000 -03,172.21.147.173,41136,20.189.172.32,443,ACK/,495,100,504,0101080a833199de6dd61b0e,0
Jan 16 2025 19:40:41.929689000 -03,172.21.147.173,41136,20.189.172.32,443,ACK/PSH/,495,100,504,0101080a833199e06dd61b0e,565
Jan 16 2025 19:40:42.129108000 -03,20.189.172.32,443,172.21.147.173,41134,ACK/,100,1060,16381,0101080a07bb44f1833199dd,3684
Jan 16 2025 19:40:42.129108000 -03,20.189.172.32,443,172.21.147.173,41134,ACK/PSH/,3784,1060,16381,0101080a07bb44f1833199dd,725
Jan 16 2025 19:40:42.129170000 -03,172.21.147.173,41134,20.189.172.32,443,ACK/,1060,4509,503,0101080a83319aa807bb44f1,0
Jan 16 2025 19:40:42.131330000 -03,20.189.172.32,443,172.21.147.173,41136,ACK/,100,1060,16381,0101080a6dd61bd9833199e0,3684
Jan 16 2025 19:40:42.131331000 -03,20.189.172.32,443,172.21.147.173,41136,ACK/PSH/,3784,1060,16381,0101080a6dd61bd9833199e0,725
Jan 16 2025 19:40:42.132628000 -03,172.21.147.173,41134,20.189.172.32,443,ACK/PSH/,1060,4509,503,0101080a83319aab07bb44f1,823
Jan 16 2025 19:40:42.132706000 -03,172.21.147.173,41136,20.189.172.32,443,ACK/,1060,4509,503,0101080a83319aab6dd61bd9,0
Jan 16 2025 19:40:42.136203000 -03,172.21.147.173,41136,20.189.172.32,443,ACK/PSH/,1060,4509,503,0101080a83319aaf6dd61bd9,298
Jan 16 2025 19:40:42.332802000 -03,20.189.172.32,443,172.21.147.173,41134,ACK/PSH/,4509,1883,16386,0101080a07bb45bd83319aab,103
Jan 16 2025 19:40:42.333285000 -03,20.189.172.32,443,172.21.147.173,41134,ACK/PSH/,4612,1883,16386,0101080a07bb45be83319aab,349
Jan 16 2025 19:40:42.333286000 -03,20.189.172.32,443,172.21.147.173,41134,ACK/PSH/FIN/,4961,1883,16386,0101080a07bb45be83319aab,27
Jan 16 2025 19:40:42.333309000 -03,172.21.147.173,41134,20.189.172.32,443,ACK/,1883,4989,503,0101080a83319b7407bb45bd,0
Jan 16 2025 19:40:42.333663000 -03,172.21.147.173,41134,20.189.172.32,443,ACK/PSH/,1883,4989,503,0101080a83319b7407bb45bd,24
Jan 16 2025 19:40:42.333714000 -03,172.21.147.173,41134,20.189.172.32,443,ACK/FIN/,1907,4989,503,0101080a83319b7407bb45bd,0
Jan 16 2025 19:40:42.336090000 -03,20.189.172.32,443,172.21.147.173,41136,ACK/PSH/,4509,1358,16386,0101080a6dd61ca583319aaf,103
Jan 16 2025 19:40:42.336348000 -03,20.189.172.32,443,172.21.147.173,41136,ACK/PSH/,4612,1358,16386,0101080a6dd61ca683319aaf,349
Jan 16 2025 19:40:42.336348000 -03,20.189.172.32,443,172.21.147.173,41136,ACK/PSH/FIN/,4961,1358,16386,0101080a6dd61ca683319aaf,27
Jan 16 2025 19:40:42.336386000 -03,172.21.147.173,41136,20.189.172.32,443,ACK/,1358,4989,503,0101080a83319b776dd61ca5,0
Jan 16 2025 19:40:42.336606000 -03,172.21.147.173,41136,20.189.172.32,443,ACK/PSH/,1358,4989,503,0101080a83319b776dd61ca5,24
Jan 16 2025 19:40:42.336679000 -03,172.21.147.173,41136,20.189.172.32,443,ACK/FIN/,1382,4989,503,0101080a83319b776dd61ca5,0
Jan 16 2025 19:40:42.534125000 -03,20.189.172.32,443,172.21.147.173,41134,ACK/,4989,1908,16386,0101080a07bb468783319b74,0
Jan 16 2025 19:40:42.536805000 -03,20.189.172.32,443,172.21.147.173,41136,ACK/,4989,1383,16386,0101080a6dd61d6f83319b77,0
Jan 16 2025 19:41:48.831210000 -03,172.21.144.1,,172.21.159.255,,,,,,,
Jan 16 2025 19:43:19.088256000 -03,172.21.144.1,,224.0.0.251,,,,,,,
Jan 16 2025 19:43:19.089472000 -03,,,,,,,,,,
Jan 16 2025 19:43:19.091069000 -03,172.21.144.1,,224.0.0.251,,,,,,,
Jan 16 2025 19:43:19.091840000 -03,,,,,,,,,,
Jan 16 2025 19:43:19.092089000 -03,,,,,,,,,,
Jan 16 2025 19:43:19.093036000 -03,,,,,,,,,,
Jan 16 2025 19:43:19.093412000 -03,172.21.144.1,,224.0.0.251,,,,,,,
Jan 16 2025 19:43:19.093884000 -03,172.21.144.1,,224.0.0.251,,,,,,,
Jan 16 2025 19:43:19.187154000 -03,172.21.144.1,,224.0.0.251,,,,,,,
Jan 16 2025 19:43:19.187924000 -03,,,,,,,,,,
Jan 16 2025 19:43:19.189276000 -03,172.21.144.1,,224.0.0.251,,,,,,,
Jan 16 2025 19:43:19.189997000 -03,,,,,,,,,,
Jan 16 2025 19:43:19.190333000 -03,,,,,,,,,,
Jan 16 2025 19:43:19.191576000 -03,,,,,,,,,,
Jan 16 2025 19:43:19.192046000 -03,172.21.144.1,,224.0.0.251,,,,,,,
Jan 16 2025 19:43:19.192626000 -03,172.21.144.1,,224.0.0.251,,,,,,,
Jan 16 2025 19:44:34.935328000 -03,,,,,,,,,,
Jan 16 2025 19:48:16.620484000 -03,172.21.144.1,,224.0.0.251,,,,,,,
Jan 16 2025 19:48:16.623267000 -03,,,,,,,,,,
Jan 16 2025 19:48:16.625745000 -03,172.21.144.1,,224.0.0.251,,,,,,,
Jan 16 2025 19:48:16.627213000 -03,,,,,,,,,,
Jan 16 2025 19:48:16.628110000 -03,,,,,,,,,,
Jan 16 2025 19:48:16.629837000 -03,,,,,,,,,,
Jan 16 2025 19:48:16.631028000 -03,172.21.144.1,,224.0.0.251,,,,,,,
Jan 16 2025 19:48:16.631865000 -03,172.21.144.1,,224.0.0.251,,,,,,,
Jan 16 2025 19:48:16.916668000 -03,172.21.144.1,,224.0.0.251,,,,,,,
Jan 16 2025 19:48:16.919490000 -03,,,,,,,,,,
Jan 16 2025 19:48:16.921285000 -03,172.21.144.1,,224.0.0.251,,,,,,,
Jan 16 2025 19:48:16.921998000 -03,,,,,,,,,,
Jan 16 2025 19:48:16.922288000 -03,,,,,,,,,,
Jan 16 2025 19:48:16.923258000 -03,,,,,,,,,,
Jan 16 2025 19:48:16.923702000 -03,172.21.144.1,,224.0.0.251,,,,,,,
Jan 16 2025 19:48:16.924239000 -03,172.21.144.1,,224.0.0.251,,,,,,,
Jan 16 2025 19:50:40.283768000 -03,172.21.147.173,38514,169.254.169.254,80,SYN/,0,0,64480,020404d80402080a254942d80000000001030307,0
Jan 16 2025 19:50:40.720274000 -03,172.21.147.173,52484,140.82.114.22,443,SYN/,0,0,64480,020404d80402080a033f66c40000000001030307,0
Jan 16 2025 19:50:40.857864000 -03,140.82.114.22,443,172.21.147.173,52484,ACK/SYN/,0,1,65535,0204059c0402080a4ea38153033f66c40103030a,0
Jan 16 2025 19:50:40.857918000 -03,172.21.147.173,52484,140.82.114.22,443,ACK/,1,1,504,0101080a033f674d4ea38153,0
Jan 16 2025 19:50:40.858465000 -03,172.21.147.173,52484,140.82.114.22,443,ACK/PSH/,1,1,504,0101080a033f674e4ea38153,405
Jan 16 2025 19:50:41.011183000 -03,140.82.114.22,443,172.21.147.173,52484,ACK/PSH/,1,406,66,0101080a4ea381de033f674e,2456
Jan 16 2025 19:50:41.011183000 -03,140.82.114.22,443,172.21.147.173,52484,ACK/PSH/,2457,406,66,0101080a4ea381de033f674e,1640
Jan 16 2025 19:50:41.011227000 -03,172.21.147.173,52484,140.82.114.22,443,ACK/,406,2457,500,0101080a033f67e74ea381de,0
Jan 16 2025 19:50:41.011232000 -03,172.21.147.173,52484,140.82.114.22,443,ACK/,406,4097,488,0101080a033f67e74ea381de,0
Jan 16 2025 19:50:41.016078000 -03,140.82.114.22,443,172.21.147.173,52484,ACK/PSH/,4097,406,66,0101080a4ea381e2033f674e,1598
Jan 16 2025 19:50:41.016090000 -03,172.21.147.173,52484,140.82.114.22,443,ACK/,406,5695,500,0101080a033f67eb4ea381e2,0
Jan 16 2025 19:50:41.018702000 -03,172.21.147.173,52484,140.82.114.22,443,ACK/PSH/,406,5695,503,0101080a033f67ee4ea381e2,1020
Jan 16 2025 19:50:41.192564000 -03,140.82.114.22,443,172.21.147.173,52484,ACK/PSH/,5695,1426,68,0101080a4ea3827e033f67ee,158
Jan 16 2025 19:50:41.235400000 -03,172.21.147.173,52484,140.82.114.22,443,ACK/,1426,5853,503,0101080a033f68c74ea3827e,0
Jan 16 2025 19:50:41.335222000 -03,172.21.147.173,38514,169.254.169.254,80,SYN/,0,0,64480,020404d80402080a254946f40000000001030307,0
Jan 16 2025 19:50:41.361183000 -03,140.82.114.22,443,172.21.147.173,52484,ACK/PSH/,5853,1426,68,0101080a4ea38319033f67ee,6140
Jan 16 2025 19:50:41.361183000 -03,140.82.114.22,443,172.21.147.173,52484,ACK/PSH/,11993,1426,68,0101080a4ea38319033f67ee,875
Jan 16 2025 19:50:41.361255000 -03,172.21.147.173,52484,140.82.114.22,443,ACK/,1426,11993,479,0101080a033f69454ea38319,0
Jan 16 2025 19:50:41.361265000 -03,172.21.147.173,52484,140.82.114.22,443,ACK/,1426,12868,479,0101080a033f69454ea38319,0
Jan 16 2025 19:50:42.844479000 -03,172.21.147.173,40080,20.189.172.33,443,SYN/,0,0,64480,020404d80402080a60a1ef830000000001030307,0
Jan 16 2025 19:50:43.049960000 -03,20.189.172.33,443,172.21.147.173,40080,ACK/SYN/,0,1,65535,020405a0010303080402080a07e31b0860a1ef83,0
Jan 16 2025 19:50:43.050022000 -03,172.21.147.173,40080,20.189.172.33,443,ACK/,1,1,504,0101080a60a1f05007e31b08,0
Jan 16 2025 19:50:43.050622000 -03,172.21.147.173,40080,20.189.172.33,443,ACK/PSH/,1,1,504,0101080a60a1f05107e31b08,494
Jan 16 2025 19:50:43.255633000 -03,20.189.172.33,443,172.21.147.173,40080,ACK/PSH/,1,495,16384,0101080a07e31bd560a1f051,99
Jan 16 2025 19:50:43.255699000 -03,172.21.147.173,40080,20.189.172.33,443,ACK/,495,100,504,0101080a60a1f11e07e31bd5,0
Jan 16 2025 19:50:43.257639000 -03,172.21.147.173,40080,20.189.172.33,443,ACK/PSH/,495,100,504,0101080a60a1f12007e31bd5,565
Jan 16 2025 19:50:43.464547000 -03,20.189.172.33,443,172.21.147.173,40080,ACK/,100,1060,16381,0101080a07e31ca660a1f120,3684
Jan 16 2025 19:50:43.464548000 -03,20.189.172.33,443,172.21.147.173,40080,ACK/PSH/,3784,1060,16381,0101080a07e31ca660a1f120,726
Jan 16 2025 19:50:43.464823000 -03,172.21.147.173,40080,20.189.172.33,443,ACK/,1060,4510,503,0101080a60a1f1ef07e31ca6,0
Jan 16 2025 19:50:43.471481000 -03,172.21.147.173,40080,20.189.172.33,443,ACK/PSH/,1060,4510,503,0101080a60a1f1f607e31ca6,298
Jan 16 2025 19:50:43.676454000 -03,20.189.172.33,443,172.21.147.173,40080,ACK/PSH/,4510,1358,16386,0101080a07e31d7a60a1f1f6,103
Jan 16 2025 19:50:43.676767000 -03,20.189.172.33,443,172.21.147.173,40080,ACK/PSH/,4613,1358,16386,0101080a07e31d7a60a1f1f6,349
Jan 16 2025 19:50:43.676767000 -03,20.189.172.33,443,172.21.147.173,40080,ACK/PSH/FIN/,4962,1358,16386,0101080a07e31d7a60a1f1f6,27
Jan 16 2025 19:50:43.676823000 -03,172.21.147.173,40080,20.189.172.33,443,ACK/,1358,4990,503,0101080a60a1f2c307e31d7a,0
Jan 16 2025 19:50:43.677135000 -03,172.21.147.173,40080,20.189.172.33,443,ACK/PSH/,1358,4990,503,0101080a60a1f2c407e31d7a,24
Jan 16 2025 19:50:43.677185000 -03,172.21.147.173,40080,20.189.172.33,443,ACK/FIN/,1382,4990,503,0101080a60a1f2c407e31d7a,0
Jan 16 2025 19:50:43.881767000 -03,20.189.172.33,443,172.21.147.173,40080,ACK/,4990,1383,16386,0101080a07e31e4860a1f2c4,0
Jan 16 2025 19:50:45.366280000 -03,172.21.147.173,52484,140.82.114.22,443,ACK/FIN/,1426,12868,503,0101080a033f78ea4ea38319,0
Jan 16 2025 19:50:45.569003000 -03,140.82.114.22,443,172.21.147.173,52484,ACK/PSH/,12868,1427,68,0101080a4ea39379033f78ea,24
Jan 16 2025 19:50:45.569004000 -03,140.82.114.22,443,172.21.147.173,52484,ACK/FIN/,12892,1427,68,0101080a4ea39379033f78ea,0
Jan 16 2025 19:50:45.569056000 -03,172.21.147.173,52484,140.82.114.22,443,RST/,1427,0,0,,0
Jan 16 2025 19:50:45.569063000 -03,172.21.147.173,52484,140.82.114.22,443,RST/,1427,0,0,,0
Jan 16 2025 19:50:45.579951000 -03,,,,,,,,,,
Jan 16 2025 19:50:45.579958000 -03,,,,,,,,,,
Jan 16 2025 19:51:45.076012000 -03,172.21.144.1,,172.21.159.255,,,,,,,
Jan 16 2025 19:53:02.599800000 -03,172.21.144.1,,224.0.0.251,,,,,,,
Jan 16 2025 19:53:02.603760000 -03,,,,,,,,,,
Jan 16 2025 19:53:02.607109000 -03,172.21.144.1,,224.0.0.251,,,,,,,
Jan 16 2025 19:53:02.608910000 -03,,,,,,,,,,
Jan 16 2025 19:53:02.609444000 -03,,,,,,,,,,
Jan 16 2025 19:53:02.611534000 -03,,,,,,,,,,
Jan 16 2025 19:53:02.612484000 -03,172.21.144.1,,224.0.0.251,,,,,,,
Jan 16 2025 19:53:02.613416000 -03,172.21.144.1,,224.0.0.251,,,,,,,
Jan 16 2025 19:53:02.709377000 -03,172.21.144.1,,224.0.0.251,,,,,,,
Jan 16 2025 19:53:02.711018000 -03,,,,,,,,,,
Jan 16 2025 19:53:02.713480000 -03,172.21.144.1,,224.0.0.251,,,,,,,
Jan 16 2025 19:53:02.714844000 -03,,,,,,,,,,
Jan 16 2025 19:53:02.715467000 -03,,,,,,,,,,
Jan 16 2025 19:53:02.717698000 -03,,,,,,,,,,
Jan 16 2025 19:53:02.719130000 -03,172.21.144.1,,224.0.0.251,,,,,,,
Jan 16 2025 19:53:02.720858000 -03,172.21.144.1,,224.0.0.251,,,,,,,
